{
  "Compatibility": "Compatible",
  "Contributors": {
    "Developer": [ "Dragoon" ],
    "Manual": [ "Maelztrom" ]
  },
  "DefuserDifficulty": "Easy",
  "Description": "Hold the button until the lights change to the correct colors, then release. Tags: button, 4-lights, red, blue, green, white",
  "ExpertDifficulty": "Medium",
  "ModuleID": "fourCorners",
  "Name": "Four Corners",
  "Origin": "Mods",
  "Published": "2024-05-21",
  "SortKey": "FOURCORNERS",
  "SteamID": "0",
  "Symbol": "Frcrn",
  "Type": "Regular"
}