{
  "Compatibility": "Compatible",
  "Contributors": {
    "Developer": [ "Dragoon" ],
    "Manual": [ "Maelztrom" ]
  },
  "DefuserDifficulty": "Easy",
  "Description": "Cut the three wires at the proper order and at the proper time. Tags: 3-wires, vertical, red-wire, red, blue, green, white, black",
  "ExpertDifficulty": "Easy",
  "ModuleID": "curlyWires",
  "Name": "Curly Wires",
  "Origin": "Mods",
  "Published": "2024-05-21",
  "SortKey": "CURLYWIRES",
  "SteamID": "0",
  "Symbol": "Crlw",
  "Type": "Regular"
}