{
  "Compatibility": "Compatible",
  "Contributors": {
    "Developer": [ "Dragoon" ],
    "Manual": [ "Maelztrom" ]
  },
  "DefuserDifficulty": "Medium",
  "Description": "Spin the ball following the rules until it displays a digit in the serial number. Tags: ball, arrows, words, numbers, 5 buttons, spinning",
  "ExpertDifficulty": "Medium",
  "ModuleID": "ballDial",
  "Name": "Ball Dial",
  "Origin": "Mods",
  "Published": "2024-05-21",
  "SortKey": "BALLDIAL",
  "SteamID": "0",
  "Symbol": "Bldl",
  "Type": "Regular"
}