{
  "Compatibility": "Compatible",
  "Contributors": {
    "Developer": [ "Dragoon" ],
    "Manual": [ "Maelztrom" ]
  },
  "DefuserDifficulty": "Medium",
  "Description": "Hold each of the 4 buttons and find out at which time to release based on the word on it and the LED's colour  Tags: 4-buttons, 1-light, red, blue, green",
  "ExpertDifficulty": "Easy",
  "ModuleID": "quadrecta",
  "Name": "Quadrecta",
  "Origin": "Mods",
  "Published": "2024-05-21",
  "SortKey": "QUADRECTA",
  "SteamID": "0",
  "Symbol": "Qcta",
  "Type": "Regular"
}