{
  "Compatibility": "Compatible",
  "Contributors": {
    "Developer": [ "Dragoon" ],
    "Manual": [ "Maelztrom" ]
  },
  "DefuserDifficulty": "Easy",
  "Description": "Use edgework and colours to find out which buttons to press Tags: 12-buttons, white, red, green, blue, black",
  "ExpertDifficulty": "Easy",
  "ModuleID": "someButtons",
  "Name": "Some Buttons",
  "Origin": "Mods",
  "Published": "2024-05-21",
  "SortKey": "SOMEBUTTONS",
  "SteamID": "0",
  "Symbol": "Smbtns",
  "Type": "Regular"
}